,Subject,Counts,Rewarded,Treatment,CallType,k
0,GreBlu5039F,"(11, 19)",False,NCM,SO,0
1,GreBlu5039F,"(10, 18)",True,NCM,SO,0
2,GreBla3404M,"(5, 13)",False,NCM,SO,0
3,GreBla3404M,"(7, 15)",True,NCM,SO,0
4,GraWhi4040F,"(1, 9)",False,NCM,SO,0
5,GraWhi4040F,"(10, 18)",True,NCM,SO,0
6,BlaGre1349M,"(1, 9)",False,NCM,SO,0
7,BlaGre1349M,"(1, 9)",True,NCM,SO,0
8,XXXHpi0038M,"(7, 15)",False,NCM,SO,0
9,XXXHpi0038M,"(13, 21)",True,NCM,SO,0
10,XXXOra0037F,"(3, 11)",False,NCM,SO,0
11,XXXOra0037F,"(8, 16)",True,NCM,SO,0
12,XXXBlu0031M,"(0, 8)",False,NCM,SO,0
13,XXXBlu0031M,"(4, 12)",True,NCM,SO,0
14,HpiGre0651M,"(1, 9)",False,NCM,SO,0
15,HpiGre0651M,"(4, 12)",True,NCM,SO,0
16,RedHpi0710F,"(3, 11)",False,NCM,SO,0
17,RedHpi0710F,"(1, 9)",True,NCM,SO,0
18,WhiBlu5805F,"(4, 12)",False,NCM,SO,0
19,WhiBlu5805F,"(2, 10)",True,NCM,SO,0
20,GreBlu5039F,"(10, 18)",False,NCM,SO,1
21,GreBlu5039F,"(2, 10)",True,NCM,SO,1
22,GreBla3404M,"(5, 13)",False,NCM,SO,1
23,GreBla3404M,"(2, 10)",True,NCM,SO,1
24,GraWhi4040F,"(2, 10)",False,NCM,SO,1
25,GraWhi4040F,"(7, 15)",True,NCM,SO,1
26,BlaGre1349M,"(9, 17)",False,NCM,SO,1
27,BlaGre1349M,"(3, 11)",True,NCM,SO,1
28,XXXHpi0038M,"(21, 29)",False,NCM,SO,1
29,XXXHpi0038M,"(8, 16)",True,NCM,SO,1
30,XXXOra0037F,"(10, 18)",False,NCM,SO,1
31,XXXOra0037F,"(4, 12)",True,NCM,SO,1
32,XXXBlu0031M,"(1, 9)",False,NCM,SO,1
33,XXXBlu0031M,"(2, 10)",True,NCM,SO,1
34,HpiGre0651M,"(1, 9)",False,NCM,SO,1
35,HpiGre0651M,"(0, 8)",True,NCM,SO,1
36,RedHpi0710F,"(9, 17)",False,NCM,SO,1
37,RedHpi0710F,"(1, 9)",True,NCM,SO,1
38,WhiBlu5805F,"(4, 12)",False,NCM,SO,1
39,WhiBlu5805F,"(0, 8)",True,NCM,SO,1
40,GreBlu5039F,"(5, 13)",False,NCM,SO,2
41,GreBlu5039F,"(6, 14)",True,NCM,SO,2
42,GreBla3404M,"(10, 18)",False,NCM,SO,2
43,GreBla3404M,"(8, 16)",True,NCM,SO,2
44,GraWhi4040F,"(7, 15)",False,NCM,SO,2
45,GraWhi4040F,"(6, 14)",True,NCM,SO,2
46,BlaGre1349M,"(12, 20)",False,NCM,SO,2
47,BlaGre1349M,"(2, 10)",True,NCM,SO,2
48,XXXHpi0038M,"(15, 23)",False,NCM,SO,2
49,XXXHpi0038M,"(7, 15)",True,NCM,SO,2
50,XXXOra0037F,"(2, 10)",False,NCM,SO,2
51,XXXOra0037F,"(1, 9)",True,NCM,SO,2
52,XXXBlu0031M,"(4, 12)",False,NCM,SO,2
53,XXXBlu0031M,"(1, 9)",True,NCM,SO,2
54,HpiGre0651M,"(1, 9)",False,NCM,SO,2
55,HpiGre0651M,"(4, 12)",True,NCM,SO,2
56,RedHpi0710F,"(2, 10)",False,NCM,SO,2
57,RedHpi0710F,"(7, 15)",True,NCM,SO,2
58,WhiBlu5805F,"(5, 13)",False,NCM,SO,2
59,WhiBlu5805F,"(1, 9)",True,NCM,SO,2
60,GreBlu5039F,"(7, 15)",False,NCM,SO,3
61,GreBlu5039F,"(2, 10)",True,NCM,SO,3
62,GreBla3404M,"(4, 12)",False,NCM,SO,3
63,GreBla3404M,"(5, 13)",True,NCM,SO,3
64,GraWhi4040F,"(3, 11)",False,NCM,SO,3
65,GraWhi4040F,"(7, 15)",True,NCM,SO,3
66,BlaGre1349M,"(5, 13)",False,NCM,SO,3
67,BlaGre1349M,"(0, 8)",True,NCM,SO,3
68,XXXHpi0038M,"(14, 22)",False,NCM,SO,3
69,XXXHpi0038M,"(9, 17)",True,NCM,SO,3
70,XXXOra0037F,"(2, 10)",False,NCM,SO,3
71,XXXOra0037F,"(4, 12)",True,NCM,SO,3
72,XXXBlu0031M,"(0, 8)",False,NCM,SO,3
73,XXXBlu0031M,"(0, 8)",True,NCM,SO,3
74,HpiGre0651M,"(2, 10)",False,NCM,SO,3
75,HpiGre0651M,"(1, 9)",True,NCM,SO,3
76,RedHpi0710F,"(2, 10)",False,NCM,SO,3
77,RedHpi0710F,"(5, 13)",True,NCM,SO,3
78,WhiBlu5805F,"(5, 13)",False,NCM,SO,3
79,WhiBlu5805F,"(0, 8)",True,NCM,SO,3
80,GreBlu5039F,"(6, 14)",False,NCM,SO,4
81,GreBlu5039F,"(2, 10)",True,NCM,SO,4
82,GreBla3404M,"(25, 33)",False,NCM,SO,4
83,GreBla3404M,"(5, 13)",True,NCM,SO,4
84,GraWhi4040F,"(3, 11)",False,NCM,SO,4
85,GraWhi4040F,"(2, 10)",True,NCM,SO,4
86,BlaGre1349M,"(10, 18)",False,NCM,SO,4
87,BlaGre1349M,"(0, 8)",True,NCM,SO,4
88,XXXHpi0038M,"(47, 55)",False,NCM,SO,4
89,XXXHpi0038M,"(7, 15)",True,NCM,SO,4
90,XXXOra0037F,"(2, 10)",False,NCM,SO,4
91,XXXOra0037F,"(5, 13)",True,NCM,SO,4
92,XXXBlu0031M,"(14, 22)",False,NCM,SO,4
93,XXXBlu0031M,"(0, 8)",True,NCM,SO,4
94,HpiGre0651M,"(4, 12)",False,NCM,SO,4
95,HpiGre0651M,"(5, 13)",True,NCM,SO,4
96,RedHpi0710F,"(10, 18)",False,NCM,SO,4
97,RedHpi0710F,"(1, 9)",True,NCM,SO,4
98,WhiBlu5805F,"(3, 11)",False,NCM,SO,4
99,WhiBlu5805F,"(1, 9)",True,NCM,SO,4
100,GreBlu5039F,"(13, 21)",False,NCM,SO,5
101,GreBlu5039F,"(0, 8)",True,NCM,SO,5
102,GreBla3404M,"(20, 28)",False,NCM,SO,5
103,GreBla3404M,"(4, 12)",True,NCM,SO,5
104,GraWhi4040F,"(9, 17)",False,NCM,SO,5
105,GraWhi4040F,"(5, 13)",True,NCM,SO,5
106,BlaGre1349M,"(17, 25)",False,NCM,SO,5
107,BlaGre1349M,"(4, 12)",True,NCM,SO,5
108,XXXHpi0038M,"(2, 10)",False,NCM,SO,5
109,XXXHpi0038M,"(21, 29)",True,NCM,SO,5
110,XXXOra0037F,"(5, 13)",False,NCM,SO,5
111,XXXOra0037F,"(5, 13)",True,NCM,SO,5
112,XXXBlu0031M,"(5, 13)",False,NCM,SO,5
113,XXXBlu0031M,"(1, 9)",True,NCM,SO,5
114,HpiGre0651M,"(4, 12)",False,NCM,SO,5
115,HpiGre0651M,"(0, 8)",True,NCM,SO,5
116,RedHpi0710F,"(1, 9)",False,NCM,SO,5
117,RedHpi0710F,"(2, 10)",True,NCM,SO,5
118,WhiBlu5805F,"(2, 10)",False,NCM,SO,5
119,WhiBlu5805F,"(0, 8)",True,NCM,SO,5
120,GreBlu5039F,"(7, 15)",False,NCM,SO,6
121,GreBlu5039F,"(3, 11)",True,NCM,SO,6
122,GreBla3404M,"(14, 22)",False,NCM,SO,6
123,GreBla3404M,"(4, 12)",True,NCM,SO,6
124,GraWhi4040F,"(8, 16)",False,NCM,SO,6
125,GraWhi4040F,"(3, 11)",True,NCM,SO,6
126,BlaGre1349M,"(4, 12)",False,NCM,SO,6
127,BlaGre1349M,"(1, 9)",True,NCM,SO,6
128,XXXHpi0038M,"(20, 28)",False,NCM,SO,6
129,XXXHpi0038M,"(0, 8)",True,NCM,SO,6
130,XXXOra0037F,"(3, 11)",False,NCM,SO,6
131,XXXOra0037F,"(3, 11)",True,NCM,SO,6
132,XXXBlu0031M,"(1, 9)",False,NCM,SO,6
133,XXXBlu0031M,"(0, 8)",True,NCM,SO,6
134,HpiGre0651M,"(3, 11)",False,NCM,SO,6
135,HpiGre0651M,"(0, 8)",True,NCM,SO,6
136,RedHpi0710F,"(1, 9)",False,NCM,SO,6
137,RedHpi0710F,"(0, 8)",True,NCM,SO,6
138,WhiBlu5805F,"(5, 13)",False,NCM,SO,6
139,WhiBlu5805F,"(4, 12)",True,NCM,SO,6
140,GreBlu5039F,"(12, 20)",False,NCM,SO,7
141,GreBlu5039F,"(1, 9)",True,NCM,SO,7
142,GreBla3404M,"(13, 21)",False,NCM,SO,7
143,GreBla3404M,"(0, 8)",True,NCM,SO,7
144,GraWhi4040F,"(7, 15)",False,NCM,SO,7
145,GraWhi4040F,"(1, 9)",True,NCM,SO,7
146,BlaGre1349M,"(1, 9)",False,NCM,SO,7
147,BlaGre1349M,"(6, 14)",True,NCM,SO,7
148,XXXHpi0038M,"(14, 22)",False,NCM,SO,7
149,XXXHpi0038M,"(2, 10)",True,NCM,SO,7
150,XXXOra0037F,"(5, 13)",False,NCM,SO,7
151,XXXOra0037F,"(7, 15)",True,NCM,SO,7
152,XXXBlu0031M,"(2, 10)",False,NCM,SO,7
153,XXXBlu0031M,"(1, 9)",True,NCM,SO,7
154,HpiGre0651M,"(3, 11)",False,NCM,SO,7
155,HpiGre0651M,"(0, 8)",True,NCM,SO,7
156,RedHpi0710F,"(4, 12)",False,NCM,SO,7
157,RedHpi0710F,"(0, 8)",True,NCM,SO,7
158,WhiBlu5805F,"(3, 11)",False,NCM,SO,7
159,WhiBlu5805F,"(0, 8)",True,NCM,SO,7
160,GreBlu5039F,"(4, 12)",False,NCM,SO,8
161,GreBlu5039F,"(0, 8)",True,NCM,SO,8
162,GreBla3404M,"(9, 17)",False,NCM,SO,8
163,GreBla3404M,"(4, 12)",True,NCM,SO,8
164,GraWhi4040F,"(8, 16)",False,NCM,SO,8
165,GraWhi4040F,"(3, 11)",True,NCM,SO,8
166,BlaGre1349M,"(9, 17)",False,NCM,SO,8
167,BlaGre1349M,"(0, 8)",True,NCM,SO,8
168,XXXHpi0038M,"(18, 26)",False,NCM,SO,8
169,XXXHpi0038M,"(3, 11)",True,NCM,SO,8
170,XXXOra0037F,"(0, 8)",False,NCM,SO,8
171,XXXOra0037F,"(3, 11)",True,NCM,SO,8
172,XXXBlu0031M,"(4, 12)",False,NCM,SO,8
173,XXXBlu0031M,"(0, 8)",True,NCM,SO,8
174,HpiGre0651M,"(3, 11)",False,NCM,SO,8
175,HpiGre0651M,"(0, 8)",True,NCM,SO,8
176,RedHpi0710F,"(6, 14)",False,NCM,SO,8
177,RedHpi0710F,"(0, 8)",True,NCM,SO,8
178,WhiBlu5805F,"(5, 13)",False,NCM,SO,8
179,WhiBlu5805F,"(2, 10)",True,NCM,SO,8
180,GreBlu5039F,"(7, 15)",False,NCM,SO,9
181,GreBlu5039F,"(0, 8)",True,NCM,SO,9
182,GreBla3404M,"(16, 24)",False,NCM,SO,9
183,GreBla3404M,"(7, 15)",True,NCM,SO,9
184,GraWhi4040F,"(15, 23)",False,NCM,SO,9
185,GraWhi4040F,"(1, 9)",True,NCM,SO,9
186,BlaGre1349M,"(3, 11)",False,NCM,SO,9
187,BlaGre1349M,"(0, 8)",True,NCM,SO,9
188,XXXHpi0038M,"(24, 32)",False,NCM,SO,9
189,XXXHpi0038M,"(5, 13)",True,NCM,SO,9
190,XXXOra0037F,"(9, 17)",False,NCM,SO,9
191,XXXOra0037F,"(1, 9)",True,NCM,SO,9
192,XXXBlu0031M,"(2, 10)",False,NCM,SO,9
193,XXXBlu0031M,"(1, 9)",True,NCM,SO,9
194,HpiGre0651M,"(1, 9)",False,NCM,SO,9
195,HpiGre0651M,"(0, 8)",True,NCM,SO,9
196,RedHpi0710F,"(4, 12)",False,NCM,SO,9
197,RedHpi0710F,"(1, 9)",True,NCM,SO,9
198,WhiBlu5805F,"(3, 11)",False,NCM,SO,9
199,WhiBlu5805F,"(0, 8)",True,NCM,SO,9
200,GreBlu5039F,"(7, 15)",False,NCM,SO,10
201,GreBlu5039F,"(2, 10)",True,NCM,SO,10
202,GreBla3404M,"(10, 18)",False,NCM,SO,10
203,GreBla3404M,"(3, 11)",True,NCM,SO,10
204,GraWhi4040F,"(9, 17)",False,NCM,SO,10
205,GraWhi4040F,"(5, 13)",True,NCM,SO,10
206,BlaGre1349M,"(5, 13)",False,NCM,SO,10
207,BlaGre1349M,"(2, 10)",True,NCM,SO,10
208,XXXHpi0038M,"(19, 27)",False,NCM,SO,10
209,XXXHpi0038M,"(8, 16)",True,NCM,SO,10
210,XXXOra0037F,"(7, 15)",False,NCM,SO,10
211,XXXOra0037F,"(5, 13)",True,NCM,SO,10
212,XXXBlu0031M,"(2, 10)",False,NCM,SO,10
213,XXXBlu0031M,"(0, 8)",True,NCM,SO,10
214,HpiGre0651M,"(2, 10)",False,NCM,SO,10
215,HpiGre0651M,"(0, 8)",True,NCM,SO,10
216,RedHpi0710F,"(1, 9)",False,NCM,SO,10
217,RedHpi0710F,"(1, 9)",True,NCM,SO,10
218,WhiBlu5805F,"(2, 10)",False,NCM,SO,10
219,WhiBlu5805F,"(2, 10)",True,NCM,SO,10
220,GreBlu5039F,"(6, 12)",False,NCM,DC,0
221,GreBlu5039F,"(5, 11)",True,NCM,DC,0
222,GreBla3404M,"(0, 6)",False,NCM,DC,0
223,GreBla3404M,"(10, 16)",True,NCM,DC,0
224,GraWhi4040F,"(3, 9)",False,NCM,DC,0
225,GraWhi4040F,"(31, 37)",True,NCM,DC,0
226,BlaGre1349M,"(19, 25)",False,NCM,DC,0
227,BlaGre1349M,"(14, 20)",True,NCM,DC,0
228,XXXHpi0038M,"(2, 8)",False,NCM,DC,0
229,XXXHpi0038M,"(10, 16)",True,NCM,DC,0
230,XXXOra0037F,"(1, 7)",False,NCM,DC,0
231,XXXOra0037F,"(4, 10)",True,NCM,DC,0
232,XXXBlu0031M,"(4, 10)",False,NCM,DC,0
233,XXXBlu0031M,"(2, 8)",True,NCM,DC,0
234,HpiGre0651M,"(8, 14)",False,NCM,DC,0
235,HpiGre0651M,"(6, 12)",True,NCM,DC,0
236,RedHpi0710F,"(6, 12)",False,NCM,DC,0
237,RedHpi0710F,"(6, 12)",True,NCM,DC,0
238,WhiBlu5805F,"(13, 19)",False,NCM,DC,0
239,WhiBlu5805F,"(14, 20)",True,NCM,DC,0
240,GreBlu5039F,"(8, 14)",False,NCM,DC,1
241,GreBlu5039F,"(7, 13)",True,NCM,DC,1
242,GreBla3404M,"(3, 9)",False,NCM,DC,1
243,GreBla3404M,"(17, 23)",True,NCM,DC,1
244,GraWhi4040F,"(3, 9)",False,NCM,DC,1
245,GraWhi4040F,"(9, 15)",True,NCM,DC,1
246,BlaGre1349M,"(15, 21)",False,NCM,DC,1
247,BlaGre1349M,"(4, 10)",True,NCM,DC,1
248,XXXHpi0038M,"(39, 45)",False,NCM,DC,1
249,XXXHpi0038M,"(101, 107)",True,NCM,DC,1
250,XXXOra0037F,"(1, 7)",False,NCM,DC,1
251,XXXOra0037F,"(23, 29)",True,NCM,DC,1
252,XXXBlu0031M,"(5, 11)",False,NCM,DC,1
253,XXXBlu0031M,"(3, 9)",True,NCM,DC,1
254,HpiGre0651M,"(0, 6)",False,NCM,DC,1
255,HpiGre0651M,"(12, 18)",True,NCM,DC,1
256,RedHpi0710F,"(3, 9)",False,NCM,DC,1
257,RedHpi0710F,"(1, 7)",True,NCM,DC,1
258,WhiBlu5805F,"(18, 24)",False,NCM,DC,1
259,WhiBlu5805F,"(7, 13)",True,NCM,DC,1
260,GreBlu5039F,"(11, 17)",False,NCM,DC,2
261,GreBlu5039F,"(6, 12)",True,NCM,DC,2
262,GreBla3404M,"(24, 30)",False,NCM,DC,2
263,GreBla3404M,"(2, 8)",True,NCM,DC,2
264,GraWhi4040F,"(9, 15)",False,NCM,DC,2
265,GraWhi4040F,"(7, 13)",True,NCM,DC,2
266,BlaGre1349M,"(7, 13)",False,NCM,DC,2
267,BlaGre1349M,"(12, 18)",True,NCM,DC,2
268,XXXHpi0038M,"(114, 120)",False,NCM,DC,2
269,XXXHpi0038M,"(39, 45)",True,NCM,DC,2
270,XXXOra0037F,"(13, 19)",False,NCM,DC,2
271,XXXOra0037F,"(8, 14)",True,NCM,DC,2
272,XXXBlu0031M,"(1, 7)",False,NCM,DC,2
273,XXXBlu0031M,"(1, 7)",True,NCM,DC,2
274,HpiGre0651M,"(4, 10)",False,NCM,DC,2
275,HpiGre0651M,"(5, 11)",True,NCM,DC,2
276,RedHpi0710F,"(2, 8)",False,NCM,DC,2
277,RedHpi0710F,"(1, 7)",True,NCM,DC,2
278,WhiBlu5805F,"(3, 9)",False,NCM,DC,2
279,WhiBlu5805F,"(4, 10)",True,NCM,DC,2
280,GreBlu5039F,"(6, 12)",False,NCM,DC,3
281,GreBlu5039F,"(4, 10)",True,NCM,DC,3
282,GreBla3404M,"(3, 9)",False,NCM,DC,3
283,GreBla3404M,"(6, 12)",True,NCM,DC,3
284,GraWhi4040F,"(28, 34)",False,NCM,DC,3
285,GraWhi4040F,"(6, 12)",True,NCM,DC,3
286,BlaGre1349M,"(4, 10)",False,NCM,DC,3
287,BlaGre1349M,"(14, 20)",True,NCM,DC,3
288,XXXHpi0038M,"(73, 79)",False,NCM,DC,3
289,XXXHpi0038M,"(27, 33)",True,NCM,DC,3
290,XXXOra0037F,"(18, 24)",False,NCM,DC,3
291,XXXOra0037F,"(12, 18)",True,NCM,DC,3
292,XXXBlu0031M,"(0, 6)",False,NCM,DC,3
293,XXXBlu0031M,"(4, 10)",True,NCM,DC,3
294,HpiGre0651M,"(8, 14)",False,NCM,DC,3
295,HpiGre0651M,"(4, 10)",True,NCM,DC,3
296,RedHpi0710F,"(5, 11)",False,NCM,DC,3
297,RedHpi0710F,"(2, 8)",True,NCM,DC,3
298,WhiBlu5805F,"(6, 12)",False,NCM,DC,3
299,WhiBlu5805F,"(12, 18)",True,NCM,DC,3
300,GreBlu5039F,"(6, 12)",False,NCM,DC,4
301,GreBlu5039F,"(7, 13)",True,NCM,DC,4
302,GreBla3404M,"(8, 14)",False,NCM,DC,4
303,GreBla3404M,"(19, 25)",True,NCM,DC,4
304,GraWhi4040F,"(15, 21)",False,NCM,DC,4
305,GraWhi4040F,"(15, 21)",True,NCM,DC,4
306,BlaGre1349M,"(9, 15)",False,NCM,DC,4
307,BlaGre1349M,"(7, 13)",True,NCM,DC,4
308,XXXHpi0038M,"(131, 137)",False,NCM,DC,4
309,XXXHpi0038M,"(20, 25)",True,NCM,DC,4
310,XXXOra0037F,"(36, 42)",False,NCM,DC,4
311,XXXOra0037F,"(4, 10)",True,NCM,DC,4
312,XXXBlu0031M,"(4, 10)",False,NCM,DC,4
313,XXXBlu0031M,"(2, 8)",True,NCM,DC,4
314,HpiGre0651M,"(11, 17)",False,NCM,DC,4
315,HpiGre0651M,"(0, 6)",True,NCM,DC,4
316,RedHpi0710F,"(2, 8)",False,NCM,DC,4
317,RedHpi0710F,"(2, 8)",True,NCM,DC,4
318,WhiBlu5805F,"(4, 10)",False,NCM,DC,4
319,WhiBlu5805F,"(1, 7)",True,NCM,DC,4
320,GreBlu5039F,"(8, 14)",False,NCM,DC,5
321,GreBlu5039F,"(0, 6)",True,NCM,DC,5
322,GreBla3404M,"(7, 13)",False,NCM,DC,5
323,GreBla3404M,"(1, 7)",True,NCM,DC,5
324,GraWhi4040F,"(18, 24)",False,NCM,DC,5
325,GraWhi4040F,"(13, 19)",True,NCM,DC,5
326,BlaGre1349M,"(5, 11)",False,NCM,DC,5
327,BlaGre1349M,"(4, 10)",True,NCM,DC,5
328,XXXHpi0038M,"(50, 56)",False,NCM,DC,5
329,XXXHpi0038M,"(11, 16)",True,NCM,DC,5
330,XXXOra0037F,"(17, 23)",False,NCM,DC,5
331,XXXOra0037F,"(1, 7)",True,NCM,DC,5
332,XXXBlu0031M,"(5, 11)",False,NCM,DC,5
333,XXXBlu0031M,"(6, 12)",True,NCM,DC,5
334,HpiGre0651M,"(2, 8)",False,NCM,DC,5
335,HpiGre0651M,"(6, 12)",True,NCM,DC,5
336,RedHpi0710F,"(5, 11)",False,NCM,DC,5
337,RedHpi0710F,"(1, 7)",True,NCM,DC,5
338,WhiBlu5805F,"(2, 8)",False,NCM,DC,5
339,WhiBlu5805F,"(6, 12)",True,NCM,DC,5
340,GreBlu5039F,"(5, 11)",False,NCM,DC,6
341,GreBlu5039F,"(3, 9)",True,NCM,DC,6
342,GreBla3404M,"(5, 11)",False,NCM,DC,6
343,GreBla3404M,"(8, 14)",True,NCM,DC,6
344,GraWhi4040F,"(11, 17)",False,NCM,DC,6
345,GraWhi4040F,"(6, 12)",True,NCM,DC,6
346,BlaGre1349M,"(9, 15)",False,NCM,DC,6
347,BlaGre1349M,"(2, 8)",True,NCM,DC,6
348,XXXHpi0038M,"(54, 60)",False,NCM,DC,6
349,XXXHpi0038M,"(15, 20)",True,NCM,DC,6
350,XXXOra0037F,"(7, 13)",False,NCM,DC,6
351,XXXOra0037F,"(4, 10)",True,NCM,DC,6
352,XXXBlu0031M,"(5, 11)",False,NCM,DC,6
353,XXXBlu0031M,"(3, 9)",True,NCM,DC,6
354,HpiGre0651M,"(5, 11)",False,NCM,DC,6
355,HpiGre0651M,"(16, 22)",True,NCM,DC,6
356,RedHpi0710F,"(4, 10)",False,NCM,DC,6
357,RedHpi0710F,"(3, 9)",True,NCM,DC,6
358,WhiBlu5805F,"(5, 11)",False,NCM,DC,6
359,WhiBlu5805F,"(2, 8)",True,NCM,DC,6
360,GreBlu5039F,"(15, 21)",False,NCM,DC,7
361,GreBlu5039F,"(4, 10)",True,NCM,DC,7
362,GreBla3404M,"(12, 18)",False,NCM,DC,7
363,GreBla3404M,"(8, 14)",True,NCM,DC,7
364,GraWhi4040F,"(8, 14)",False,NCM,DC,7
365,GraWhi4040F,"(13, 19)",True,NCM,DC,7
366,BlaGre1349M,"(14, 20)",False,NCM,DC,7
367,BlaGre1349M,"(3, 9)",True,NCM,DC,7
368,XXXHpi0038M,"(51, 57)",False,NCM,DC,7
369,XXXHpi0038M,"(14, 19)",True,NCM,DC,7
370,XXXOra0037F,"(14, 20)",False,NCM,DC,7
371,XXXOra0037F,"(9, 15)",True,NCM,DC,7
372,XXXBlu0031M,"(2, 8)",False,NCM,DC,7
373,XXXBlu0031M,"(3, 9)",True,NCM,DC,7
374,HpiGre0651M,"(8, 14)",False,NCM,DC,7
375,HpiGre0651M,"(3, 9)",True,NCM,DC,7
376,RedHpi0710F,"(3, 9)",False,NCM,DC,7
377,RedHpi0710F,"(0, 6)",True,NCM,DC,7
378,WhiBlu5805F,"(8, 14)",False,NCM,DC,7
379,WhiBlu5805F,"(2, 8)",True,NCM,DC,7
380,GreBlu5039F,"(12, 18)",False,NCM,DC,8
381,GreBlu5039F,"(0, 6)",True,NCM,DC,8
382,GreBla3404M,"(2, 8)",False,NCM,DC,8
383,GreBla3404M,"(11, 17)",True,NCM,DC,8
384,GraWhi4040F,"(7, 13)",False,NCM,DC,8
385,GraWhi4040F,"(6, 12)",True,NCM,DC,8
386,BlaGre1349M,"(12, 18)",False,NCM,DC,8
387,BlaGre1349M,"(1, 7)",True,NCM,DC,8
388,XXXHpi0038M,"(271, 277)",False,NCM,DC,8
389,XXXHpi0038M,"(1, 5)",True,NCM,DC,8
390,XXXOra0037F,"(23, 29)",False,NCM,DC,8
391,XXXOra0037F,"(3, 9)",True,NCM,DC,8
392,XXXBlu0031M,"(3, 9)",False,NCM,DC,8
393,XXXBlu0031M,"(4, 10)",True,NCM,DC,8
394,HpiGre0651M,"(4, 10)",False,NCM,DC,8
395,HpiGre0651M,"(5, 11)",True,NCM,DC,8
396,RedHpi0710F,"(5, 11)",False,NCM,DC,8
397,RedHpi0710F,"(0, 6)",True,NCM,DC,8
398,WhiBlu5805F,"(4, 10)",False,NCM,DC,8
399,WhiBlu5805F,"(9, 15)",True,NCM,DC,8
400,GreBlu5039F,"(7, 13)",False,NCM,DC,9
401,GreBlu5039F,"(1, 7)",True,NCM,DC,9
402,GreBla3404M,"(5, 11)",False,NCM,DC,9
403,GreBla3404M,"(5, 11)",True,NCM,DC,9
404,GraWhi4040F,"(9, 15)",False,NCM,DC,9
405,GraWhi4040F,"(18, 24)",True,NCM,DC,9
406,BlaGre1349M,"(10, 16)",False,NCM,DC,9
407,BlaGre1349M,"(1, 7)",True,NCM,DC,9
408,XXXHpi0038M,"(9, 14)",False,NCM,DC,9
409,XXXHpi0038M,"(7, 11)",True,NCM,DC,9
410,XXXOra0037F,"(10, 16)",False,NCM,DC,9
411,XXXOra0037F,"(6, 12)",True,NCM,DC,9
412,XXXBlu0031M,"(0, 6)",False,NCM,DC,9
413,XXXBlu0031M,"(1, 7)",True,NCM,DC,9
414,HpiGre0651M,"(8, 14)",False,NCM,DC,9
415,HpiGre0651M,"(4, 10)",True,NCM,DC,9
416,RedHpi0710F,"(1, 7)",False,NCM,DC,9
417,RedHpi0710F,"(0, 6)",True,NCM,DC,9
418,WhiBlu5805F,"(8, 14)",False,NCM,DC,9
419,WhiBlu5805F,"(1, 7)",True,NCM,DC,9
420,GreBlu5039F,"(4, 10)",False,NCM,DC,10
421,GreBlu5039F,"(2, 8)",True,NCM,DC,10
422,GreBla3404M,"(37, 43)",False,NCM,DC,10
423,GreBla3404M,"(3, 9)",True,NCM,DC,10
424,GraWhi4040F,"(10, 16)",False,NCM,DC,10
425,GraWhi4040F,"(6, 12)",True,NCM,DC,10
426,BlaGre1349M,"(10, 16)",False,NCM,DC,10
427,BlaGre1349M,"(4, 10)",True,NCM,DC,10
428,XXXHpi0038M,"(55, 60)",False,NCM,DC,10
429,XXXHpi0038M,"(7, 11)",True,NCM,DC,10
430,XXXOra0037F,"(10, 16)",False,NCM,DC,10
431,XXXOra0037F,"(0, 6)",True,NCM,DC,10
432,XXXBlu0031M,"(4, 10)",False,NCM,DC,10
433,XXXBlu0031M,"(1, 7)",True,NCM,DC,10
434,HpiGre0651M,"(9, 15)",False,NCM,DC,10
435,HpiGre0651M,"(3, 9)",True,NCM,DC,10
436,RedHpi0710F,"(7, 13)",False,NCM,DC,10
437,RedHpi0710F,"(1, 7)",True,NCM,DC,10
438,WhiBlu5805F,"(4, 10)",False,NCM,DC,10
439,WhiBlu5805F,"(5, 11)",True,NCM,DC,10
440,BluWhi0398F,"(3, 11)",False,HVC,SO,0
441,BluWhi0398F,"(5, 13)",True,HVC,SO,0
442,BluWhi3230M,"(3, 11)",False,HVC,SO,0
443,BluWhi3230M,"(2, 10)",True,HVC,SO,0
444,GraYel7337F,"(1, 9)",False,HVC,SO,0
445,GraYel7337F,"(1, 9)",True,HVC,SO,0
446,GreWhi2703M,"(34, 42)",False,HVC,SO,0
447,GreWhi2703M,"(1, 9)",True,HVC,SO,0
448,HpiGre8613M,"(2, 10)",False,HVC,SO,0
449,HpiGre8613M,"(12, 20)",True,HVC,SO,0
450,BluGre4315M,"(2, 10)",False,HVC,SO,0
451,BluGre4315M,"(0, 8)",True,HVC,SO,0
452,BluRed8773M,"(4, 12)",False,HVC,SO,0
453,BluRed8773M,"(4, 12)",True,HVC,SO,0
454,BluWhi0398F,"(3, 11)",False,HVC,SO,1
455,BluWhi0398F,"(7, 15)",True,HVC,SO,1
456,BluWhi3230M,"(9, 17)",False,HVC,SO,1
457,BluWhi3230M,"(2, 10)",True,HVC,SO,1
458,GraYel7337F,"(6, 14)",False,HVC,SO,1
459,GraYel7337F,"(0, 8)",True,HVC,SO,1
460,GreWhi2703M,"(21, 29)",False,HVC,SO,1
461,GreWhi2703M,"(11, 19)",True,HVC,SO,1
462,HpiGre8613M,"(7, 15)",False,HVC,SO,1
463,HpiGre8613M,"(4, 12)",True,HVC,SO,1
464,BluGre4315M,"(2, 10)",False,HVC,SO,1
465,BluGre4315M,"(9, 17)",True,HVC,SO,1
466,BluRed8773M,"(5, 13)",False,HVC,SO,1
467,BluRed8773M,"(5, 13)",True,HVC,SO,1
468,BluWhi0398F,"(17, 25)",False,HVC,SO,2
469,BluWhi0398F,"(3, 11)",True,HVC,SO,2
470,BluWhi3230M,"(7, 15)",False,HVC,SO,2
471,BluWhi3230M,"(1, 9)",True,HVC,SO,2
472,GraYel7337F,"(0, 8)",False,HVC,SO,2
473,GraYel7337F,"(1, 9)",True,HVC,SO,2
474,GreWhi2703M,"(16, 24)",False,HVC,SO,2
475,GreWhi2703M,"(4, 12)",True,HVC,SO,2
476,HpiGre8613M,"(4, 12)",False,HVC,SO,2
477,HpiGre8613M,"(1, 9)",True,HVC,SO,2
478,BluGre4315M,"(5, 13)",False,HVC,SO,2
479,BluGre4315M,"(2, 10)",True,HVC,SO,2
480,BluRed8773M,"(12, 20)",False,HVC,SO,2
481,BluRed8773M,"(2, 10)",True,HVC,SO,2
482,BluWhi0398F,"(5, 13)",False,HVC,SO,3
483,BluWhi0398F,"(2, 10)",True,HVC,SO,3
484,BluWhi3230M,"(10, 18)",False,HVC,SO,3
485,BluWhi3230M,"(2, 10)",True,HVC,SO,3
486,GraYel7337F,"(3, 11)",False,HVC,SO,3
487,GraYel7337F,"(3, 11)",True,HVC,SO,3
488,GreWhi2703M,"(14, 22)",False,HVC,SO,3
489,GreWhi2703M,"(4, 12)",True,HVC,SO,3
490,HpiGre8613M,"(5, 13)",False,HVC,SO,3
491,HpiGre8613M,"(0, 8)",True,HVC,SO,3
492,BluGre4315M,"(19, 27)",False,HVC,SO,3
493,BluGre4315M,"(1, 9)",True,HVC,SO,3
494,BluRed8773M,"(7, 15)",False,HVC,SO,3
495,BluRed8773M,"(1, 9)",True,HVC,SO,3
496,BluWhi0398F,"(7, 15)",False,HVC,SO,4
497,BluWhi0398F,"(2, 10)",True,HVC,SO,4
498,BluWhi3230M,"(14, 22)",False,HVC,SO,4
499,BluWhi3230M,"(3, 11)",True,HVC,SO,4
500,GraYel7337F,"(5, 13)",False,HVC,SO,4
501,GraYel7337F,"(2, 10)",True,HVC,SO,4
502,GreWhi2703M,"(6, 14)",False,HVC,SO,4
503,GreWhi2703M,"(2, 10)",True,HVC,SO,4
504,HpiGre8613M,"(6, 14)",False,HVC,SO,4
505,HpiGre8613M,"(0, 8)",True,HVC,SO,4
506,BluGre4315M,"(26, 34)",False,HVC,SO,4
507,BluGre4315M,"(2, 10)",True,HVC,SO,4
508,BluRed8773M,"(14, 22)",False,HVC,SO,4
509,BluRed8773M,"(7, 15)",True,HVC,SO,4
510,BluWhi0398F,"(14, 22)",False,HVC,SO,5
511,BluWhi0398F,"(9, 17)",True,HVC,SO,5
512,BluWhi3230M,"(14, 22)",False,HVC,SO,5
513,BluWhi3230M,"(8, 16)",True,HVC,SO,5
514,GraYel7337F,"(4, 12)",False,HVC,SO,5
515,GraYel7337F,"(2, 10)",True,HVC,SO,5
516,GreWhi2703M,"(19, 27)",False,HVC,SO,5
517,GreWhi2703M,"(5, 13)",True,HVC,SO,5
518,HpiGre8613M,"(2, 10)",False,HVC,SO,5
519,HpiGre8613M,"(0, 8)",True,HVC,SO,5
520,BluGre4315M,"(10, 18)",False,HVC,SO,5
521,BluGre4315M,"(2, 10)",True,HVC,SO,5
522,BluRed8773M,"(11, 19)",False,HVC,SO,5
523,BluRed8773M,"(1, 9)",True,HVC,SO,5
524,BluWhi0398F,"(13, 21)",False,HVC,SO,6
525,BluWhi0398F,"(2, 10)",True,HVC,SO,6
526,BluWhi3230M,"(13, 21)",False,HVC,SO,6
527,BluWhi3230M,"(2, 10)",True,HVC,SO,6
528,GraYel7337F,"(1, 9)",False,HVC,SO,6
529,GraYel7337F,"(0, 8)",True,HVC,SO,6
530,GreWhi2703M,"(13, 21)",False,HVC,SO,6
531,GreWhi2703M,"(1, 9)",True,HVC,SO,6
532,HpiGre8613M,"(9, 17)",False,HVC,SO,6
533,HpiGre8613M,"(0, 8)",True,HVC,SO,6
534,BluGre4315M,"(10, 18)",False,HVC,SO,6
535,BluGre4315M,"(2, 10)",True,HVC,SO,6
536,BluRed8773M,"(7, 15)",False,HVC,SO,6
537,BluRed8773M,"(2, 10)",True,HVC,SO,6
538,BluWhi0398F,"(6, 14)",False,HVC,SO,7
539,BluWhi0398F,"(0, 8)",True,HVC,SO,7
540,BluWhi3230M,"(6, 14)",False,HVC,SO,7
541,BluWhi3230M,"(4, 12)",True,HVC,SO,7
542,GraYel7337F,"(3, 11)",False,HVC,SO,7
543,GraYel7337F,"(1, 9)",True,HVC,SO,7
544,GreWhi2703M,"(12, 20)",False,HVC,SO,7
545,GreWhi2703M,"(7, 15)",True,HVC,SO,7
546,HpiGre8613M,"(2, 10)",False,HVC,SO,7
547,HpiGre8613M,"(1, 9)",True,HVC,SO,7
548,BluGre4315M,"(12, 20)",False,HVC,SO,7
549,BluGre4315M,"(0, 8)",True,HVC,SO,7
550,BluRed8773M,"(11, 19)",False,HVC,SO,7
551,BluRed8773M,"(4, 12)",True,HVC,SO,7
552,BluWhi0398F,"(8, 16)",False,HVC,SO,8
553,BluWhi0398F,"(6, 14)",True,HVC,SO,8
554,BluWhi3230M,"(3, 11)",False,HVC,SO,8
555,BluWhi3230M,"(7, 15)",True,HVC,SO,8
556,GraYel7337F,"(5, 13)",False,HVC,SO,8
557,GraYel7337F,"(2, 10)",True,HVC,SO,8
558,GreWhi2703M,"(17, 25)",False,HVC,SO,8
559,GreWhi2703M,"(4, 12)",True,HVC,SO,8
560,HpiGre8613M,"(0, 8)",False,HVC,SO,8
561,HpiGre8613M,"(3, 11)",True,HVC,SO,8
562,BluGre4315M,"(11, 19)",False,HVC,SO,8
563,BluGre4315M,"(4, 12)",True,HVC,SO,8
564,BluRed8773M,"(9, 17)",False,HVC,SO,8
565,BluRed8773M,"(1, 9)",True,HVC,SO,8
566,BluWhi0398F,"(6, 14)",False,HVC,SO,9
567,BluWhi0398F,"(6, 14)",True,HVC,SO,9
568,BluWhi3230M,"(20, 28)",False,HVC,SO,9
569,BluWhi3230M,"(0, 8)",True,HVC,SO,9
570,GraYel7337F,"(1, 9)",False,HVC,SO,9
571,GraYel7337F,"(2, 10)",True,HVC,SO,9
572,GreWhi2703M,"(17, 25)",False,HVC,SO,9
573,GreWhi2703M,"(2, 10)",True,HVC,SO,9
574,HpiGre8613M,"(2, 10)",False,HVC,SO,9
575,HpiGre8613M,"(1, 9)",True,HVC,SO,9
576,BluGre4315M,"(10, 18)",False,HVC,SO,9
577,BluGre4315M,"(3, 11)",True,HVC,SO,9
578,BluRed8773M,"(17, 25)",False,HVC,SO,9
579,BluRed8773M,"(7, 15)",True,HVC,SO,9
580,BluWhi0398F,"(11, 19)",False,HVC,SO,10
581,BluWhi0398F,"(1, 9)",True,HVC,SO,10
582,BluWhi3230M,"(5, 13)",False,HVC,SO,10
583,BluWhi3230M,"(2, 10)",True,HVC,SO,10
584,GraYel7337F,"(8, 16)",False,HVC,SO,10
585,GraYel7337F,"(0, 8)",True,HVC,SO,10
586,GreWhi2703M,"(21, 29)",False,HVC,SO,10
587,GreWhi2703M,"(0, 8)",True,HVC,SO,10
588,HpiGre8613M,"(2, 10)",False,HVC,SO,10
589,HpiGre8613M,"(1, 9)",True,HVC,SO,10
590,BluGre4315M,"(15, 23)",False,HVC,SO,10
591,BluGre4315M,"(1, 9)",True,HVC,SO,10
592,BluRed8773M,"(9, 17)",False,HVC,SO,10
593,BluRed8773M,"(1, 9)",True,HVC,SO,10
594,BluWhi0398F,"(9, 15)",False,HVC,DC,0
595,BluWhi0398F,"(25, 31)",True,HVC,DC,0
596,BluWhi3230M,"(5, 11)",False,HVC,DC,0
597,BluWhi3230M,"(15, 21)",True,HVC,DC,0
598,GraYel7337F,"(1, 7)",False,HVC,DC,0
599,GraYel7337F,"(14, 20)",True,HVC,DC,0
600,GreWhi2703M,"(23, 29)",False,HVC,DC,0
601,GreWhi2703M,"(15, 21)",True,HVC,DC,0
602,HpiGre8613M,"(0, 6)",False,HVC,DC,0
603,HpiGre8613M,"(2, 8)",True,HVC,DC,0
604,BluGre4315M,"(1, 7)",False,HVC,DC,0
605,BluGre4315M,"(7, 13)",True,HVC,DC,0
606,BluRed8773M,"(2, 8)",False,HVC,DC,0
607,BluRed8773M,"(5, 11)",True,HVC,DC,0
608,BluWhi0398F,"(56, 62)",False,HVC,DC,1
609,BluWhi0398F,"(12, 18)",True,HVC,DC,1
610,BluWhi3230M,"(6, 12)",False,HVC,DC,1
611,BluWhi3230M,"(6, 12)",True,HVC,DC,1
612,GraYel7337F,"(10, 16)",False,HVC,DC,1
613,GraYel7337F,"(19, 25)",True,HVC,DC,1
614,GreWhi2703M,"(25, 31)",False,HVC,DC,1
615,GreWhi2703M,"(12, 18)",True,HVC,DC,1
616,HpiGre8613M,"(4, 10)",False,HVC,DC,1
617,HpiGre8613M,"(2, 8)",True,HVC,DC,1
618,BluGre4315M,"(11, 17)",False,HVC,DC,1
619,BluGre4315M,"(36, 42)",True,HVC,DC,1
620,BluRed8773M,"(3, 9)",False,HVC,DC,1
621,BluRed8773M,"(6, 12)",True,HVC,DC,1
622,BluWhi0398F,"(14, 20)",False,HVC,DC,2
623,BluWhi0398F,"(13, 19)",True,HVC,DC,2
624,BluWhi3230M,"(19, 25)",False,HVC,DC,2
625,BluWhi3230M,"(24, 30)",True,HVC,DC,2
626,GraYel7337F,"(6, 12)",False,HVC,DC,2
627,GraYel7337F,"(18, 24)",True,HVC,DC,2
628,GreWhi2703M,"(29, 35)",False,HVC,DC,2
629,GreWhi2703M,"(13, 19)",True,HVC,DC,2
630,HpiGre8613M,"(3, 9)",False,HVC,DC,2
631,HpiGre8613M,"(8, 14)",True,HVC,DC,2
632,BluGre4315M,"(40, 46)",False,HVC,DC,2
633,BluGre4315M,"(19, 25)",True,HVC,DC,2
634,BluRed8773M,"(8, 14)",False,HVC,DC,2
635,BluRed8773M,"(1, 7)",True,HVC,DC,2
636,BluWhi0398F,"(33, 39)",False,HVC,DC,3
637,BluWhi0398F,"(9, 15)",True,HVC,DC,3
638,BluWhi3230M,"(14, 20)",False,HVC,DC,3
639,BluWhi3230M,"(18, 24)",True,HVC,DC,3
640,GraYel7337F,"(33, 39)",False,HVC,DC,3
641,GraYel7337F,"(3, 9)",True,HVC,DC,3
642,GreWhi2703M,"(30, 36)",False,HVC,DC,3
643,GreWhi2703M,"(8, 14)",True,HVC,DC,3
644,HpiGre8613M,"(9, 15)",False,HVC,DC,3
645,HpiGre8613M,"(0, 6)",True,HVC,DC,3
646,BluGre4315M,"(42, 48)",False,HVC,DC,3
647,BluGre4315M,"(23, 29)",True,HVC,DC,3
648,BluRed8773M,"(19, 25)",False,HVC,DC,3
649,BluRed8773M,"(1, 7)",True,HVC,DC,3
650,BluWhi0398F,"(15, 21)",False,HVC,DC,4
651,BluWhi0398F,"(25, 31)",True,HVC,DC,4
652,BluWhi3230M,"(31, 37)",False,HVC,DC,4
653,BluWhi3230M,"(14, 20)",True,HVC,DC,4
654,GraYel7337F,"(16, 22)",False,HVC,DC,4
655,GraYel7337F,"(6, 12)",True,HVC,DC,4
656,GreWhi2703M,"(13, 19)",False,HVC,DC,4
657,GreWhi2703M,"(5, 11)",True,HVC,DC,4
658,HpiGre8613M,"(5, 11)",False,HVC,DC,4
659,HpiGre8613M,"(0, 6)",True,HVC,DC,4
660,BluGre4315M,"(58, 64)",False,HVC,DC,4
661,BluGre4315M,"(12, 18)",True,HVC,DC,4
662,BluRed8773M,"(10, 16)",False,HVC,DC,4
663,BluRed8773M,"(5, 11)",True,HVC,DC,4
664,BluWhi0398F,"(10, 16)",False,HVC,DC,5
665,BluWhi0398F,"(16, 22)",True,HVC,DC,5
666,BluWhi3230M,"(3, 9)",False,HVC,DC,5
667,BluWhi3230M,"(8, 14)",True,HVC,DC,5
668,GraYel7337F,"(37, 43)",False,HVC,DC,5
669,GraYel7337F,"(5, 11)",True,HVC,DC,5
670,GreWhi2703M,"(20, 26)",False,HVC,DC,5
671,GreWhi2703M,"(11, 17)",True,HVC,DC,5
672,HpiGre8613M,"(6, 12)",False,HVC,DC,5
673,HpiGre8613M,"(3, 9)",True,HVC,DC,5
674,BluGre4315M,"(33, 39)",False,HVC,DC,5
675,BluGre4315M,"(5, 11)",True,HVC,DC,5
676,BluRed8773M,"(15, 21)",False,HVC,DC,5
677,BluRed8773M,"(2, 8)",True,HVC,DC,5
678,BluWhi0398F,"(17, 23)",False,HVC,DC,6
679,BluWhi0398F,"(25, 31)",True,HVC,DC,6
680,BluWhi3230M,"(16, 22)",False,HVC,DC,6
681,BluWhi3230M,"(4, 10)",True,HVC,DC,6
682,GraYel7337F,"(22, 28)",False,HVC,DC,6
683,GraYel7337F,"(2, 8)",True,HVC,DC,6
684,GreWhi2703M,"(24, 30)",False,HVC,DC,6
685,GreWhi2703M,"(1, 7)",True,HVC,DC,6
686,HpiGre8613M,"(7, 13)",False,HVC,DC,6
687,HpiGre8613M,"(2, 8)",True,HVC,DC,6
688,BluGre4315M,"(24, 30)",False,HVC,DC,6
689,BluGre4315M,"(5, 11)",True,HVC,DC,6
690,BluRed8773M,"(18, 24)",False,HVC,DC,6
691,BluRed8773M,"(0, 6)",True,HVC,DC,6
692,BluWhi0398F,"(23, 29)",False,HVC,DC,7
693,BluWhi0398F,"(10, 16)",True,HVC,DC,7
694,BluWhi3230M,"(19, 25)",False,HVC,DC,7
695,BluWhi3230M,"(7, 13)",True,HVC,DC,7
696,GraYel7337F,"(15, 21)",False,HVC,DC,7
697,GraYel7337F,"(4, 10)",True,HVC,DC,7
698,GreWhi2703M,"(12, 18)",False,HVC,DC,7
699,GreWhi2703M,"(11, 17)",True,HVC,DC,7
700,HpiGre8613M,"(6, 12)",False,HVC,DC,7
701,HpiGre8613M,"(0, 6)",True,HVC,DC,7
702,BluGre4315M,"(42, 48)",False,HVC,DC,7
703,BluGre4315M,"(5, 11)",True,HVC,DC,7
704,BluRed8773M,"(6, 12)",False,HVC,DC,7
705,BluRed8773M,"(2, 8)",True,HVC,DC,7
706,BluWhi0398F,"(8, 14)",False,HVC,DC,8
707,BluWhi0398F,"(10, 16)",True,HVC,DC,8
708,BluWhi3230M,"(17, 23)",False,HVC,DC,8
709,BluWhi3230M,"(4, 10)",True,HVC,DC,8
710,GraYel7337F,"(4, 10)",False,HVC,DC,8
711,GraYel7337F,"(4, 10)",True,HVC,DC,8
712,GreWhi2703M,"(25, 31)",False,HVC,DC,8
713,GreWhi2703M,"(6, 12)",True,HVC,DC,8
714,HpiGre8613M,"(4, 10)",False,HVC,DC,8
715,HpiGre8613M,"(5, 11)",True,HVC,DC,8
716,BluGre4315M,"(27, 33)",False,HVC,DC,8
717,BluGre4315M,"(5, 11)",True,HVC,DC,8
718,BluRed8773M,"(16, 22)",False,HVC,DC,8
719,BluRed8773M,"(5, 11)",True,HVC,DC,8
720,BluWhi0398F,"(13, 19)",False,HVC,DC,9
721,BluWhi0398F,"(5, 11)",True,HVC,DC,9
722,BluWhi3230M,"(4, 10)",False,HVC,DC,9
723,BluWhi3230M,"(16, 22)",True,HVC,DC,9
724,GraYel7337F,"(13, 19)",False,HVC,DC,9
725,GraYel7337F,"(1, 7)",True,HVC,DC,9
726,GreWhi2703M,"(41, 47)",False,HVC,DC,9
727,GreWhi2703M,"(7, 13)",True,HVC,DC,9
728,HpiGre8613M,"(5, 11)",False,HVC,DC,9
729,HpiGre8613M,"(7, 13)",True,HVC,DC,9
730,BluGre4315M,"(56, 62)",False,HVC,DC,9
731,BluGre4315M,"(6, 12)",True,HVC,DC,9
732,BluRed8773M,"(14, 20)",False,HVC,DC,9
733,BluRed8773M,"(4, 10)",True,HVC,DC,9
734,BluWhi0398F,"(15, 21)",False,HVC,DC,10
735,BluWhi0398F,"(5, 11)",True,HVC,DC,10
736,BluWhi3230M,"(14, 20)",False,HVC,DC,10
737,BluWhi3230M,"(3, 9)",True,HVC,DC,10
738,GraYel7337F,"(6, 12)",False,HVC,DC,10
739,GraYel7337F,"(3, 9)",True,HVC,DC,10
740,GreWhi2703M,"(36, 42)",False,HVC,DC,10
741,GreWhi2703M,"(2, 8)",True,HVC,DC,10
742,HpiGre8613M,"(13, 19)",False,HVC,DC,10
743,HpiGre8613M,"(3, 9)",True,HVC,DC,10
744,BluGre4315M,"(82, 88)",False,HVC,DC,10
745,BluGre4315M,"(2, 8)",True,HVC,DC,10
746,BluRed8773M,"(9, 15)",False,HVC,DC,10
747,BluRed8773M,"(4, 10)",True,HVC,DC,10
748,BluYel2571F,"(14, 22)",False,CTRL,SO,0
749,BluYel2571F,"(3, 11)",True,CTRL,SO,0
750,YelPur7906M,"(5, 13)",False,CTRL,SO,0
751,YelPur7906M,"(4, 12)",True,CTRL,SO,0
752,WhiWhi2526M,"(3, 11)",False,CTRL,SO,0
753,WhiWhi2526M,"(3, 11)",True,CTRL,SO,0
754,RedGra7912M,"(36, 44)",False,CTRL,SO,0
755,RedGra7912M,"(24, 32)",True,CTRL,SO,0
756,BluYel2571F,"(9, 17)",False,CTRL,SO,1
757,BluYel2571F,"(2, 10)",True,CTRL,SO,1
758,YelPur7906M,"(6, 14)",False,CTRL,SO,1
759,YelPur7906M,"(3, 11)",True,CTRL,SO,1
760,WhiWhi2526M,"(4, 12)",False,CTRL,SO,1
761,WhiWhi2526M,"(4, 12)",True,CTRL,SO,1
762,RedGra7912M,"(38, 46)",False,CTRL,SO,1
763,RedGra7912M,"(9, 17)",True,CTRL,SO,1
764,BluYel2571F,"(6, 14)",False,CTRL,SO,2
765,BluYel2571F,"(5, 13)",True,CTRL,SO,2
766,YelPur7906M,"(5, 13)",False,CTRL,SO,2
767,YelPur7906M,"(0, 8)",True,CTRL,SO,2
768,WhiWhi2526M,"(6, 14)",False,CTRL,SO,2
769,WhiWhi2526M,"(2, 10)",True,CTRL,SO,2
770,RedGra7912M,"(11, 19)",False,CTRL,SO,2
771,RedGra7912M,"(3, 11)",True,CTRL,SO,2
772,BluYel2571F,"(11, 19)",False,CTRL,SO,3
773,BluYel2571F,"(8, 16)",True,CTRL,SO,3
774,YelPur7906M,"(22, 30)",False,CTRL,SO,3
775,YelPur7906M,"(2, 10)",True,CTRL,SO,3
776,WhiWhi2526M,"(3, 11)",False,CTRL,SO,3
777,WhiWhi2526M,"(3, 11)",True,CTRL,SO,3
778,RedGra7912M,"(14, 22)",False,CTRL,SO,3
779,RedGra7912M,"(3, 11)",True,CTRL,SO,3
780,BluYel2571F,"(18, 26)",False,CTRL,SO,4
781,BluYel2571F,"(0, 8)",True,CTRL,SO,4
782,YelPur7906M,"(10, 18)",False,CTRL,SO,4
783,YelPur7906M,"(1, 9)",True,CTRL,SO,4
784,WhiWhi2526M,"(10, 18)",False,CTRL,SO,4
785,WhiWhi2526M,"(3, 11)",True,CTRL,SO,4
786,RedGra7912M,"(18, 26)",False,CTRL,SO,4
787,RedGra7912M,"(7, 15)",True,CTRL,SO,4
788,BluYel2571F,"(33, 41)",False,CTRL,SO,5
789,BluYel2571F,"(6, 14)",True,CTRL,SO,5
790,YelPur7906M,"(8, 16)",False,CTRL,SO,5
791,YelPur7906M,"(2, 10)",True,CTRL,SO,5
792,WhiWhi2526M,"(13, 21)",False,CTRL,SO,5
793,WhiWhi2526M,"(5, 13)",True,CTRL,SO,5
794,RedGra7912M,"(9, 17)",False,CTRL,SO,5
795,RedGra7912M,"(2, 10)",True,CTRL,SO,5
796,BluYel2571F,"(17, 25)",False,CTRL,SO,6
797,BluYel2571F,"(6, 14)",True,CTRL,SO,6
798,YelPur7906M,"(7, 15)",False,CTRL,SO,6
799,YelPur7906M,"(2, 10)",True,CTRL,SO,6
800,WhiWhi2526M,"(12, 20)",False,CTRL,SO,6
801,WhiWhi2526M,"(2, 10)",True,CTRL,SO,6
802,RedGra7912M,"(26, 34)",False,CTRL,SO,6
803,RedGra7912M,"(2, 10)",True,CTRL,SO,6
804,BluYel2571F,"(28, 36)",False,CTRL,SO,7
805,BluYel2571F,"(1, 9)",True,CTRL,SO,7
806,YelPur7906M,"(11, 19)",False,CTRL,SO,7
807,YelPur7906M,"(1, 9)",True,CTRL,SO,7
808,WhiWhi2526M,"(6, 14)",False,CTRL,SO,7
809,WhiWhi2526M,"(4, 12)",True,CTRL,SO,7
810,RedGra7912M,"(9, 17)",False,CTRL,SO,7
811,RedGra7912M,"(9, 17)",True,CTRL,SO,7
812,BluYel2571F,"(16, 24)",False,CTRL,SO,8
813,BluYel2571F,"(1, 9)",True,CTRL,SO,8
814,YelPur7906M,"(4, 12)",False,CTRL,SO,8
815,YelPur7906M,"(4, 12)",True,CTRL,SO,8
816,WhiWhi2526M,"(8, 16)",False,CTRL,SO,8
817,WhiWhi2526M,"(13, 21)",True,CTRL,SO,8
818,RedGra7912M,"(45, 53)",False,CTRL,SO,8
819,RedGra7912M,"(3, 11)",True,CTRL,SO,8
820,BluYel2571F,"(35, 43)",False,CTRL,SO,9
821,BluYel2571F,"(1, 9)",True,CTRL,SO,9
822,YelPur7906M,"(3, 11)",False,CTRL,SO,9
823,YelPur7906M,"(2, 10)",True,CTRL,SO,9
824,WhiWhi2526M,"(10, 18)",False,CTRL,SO,9
825,WhiWhi2526M,"(4, 11)",True,CTRL,SO,9
826,RedGra7912M,"(37, 45)",False,CTRL,SO,9
827,RedGra7912M,"(2, 10)",True,CTRL,SO,9
828,BluYel2571F,"(21, 29)",False,CTRL,SO,10
829,BluYel2571F,"(2, 10)",True,CTRL,SO,10
830,YelPur7906M,"(8, 16)",False,CTRL,SO,10
831,YelPur7906M,"(3, 11)",True,CTRL,SO,10
832,WhiWhi2526M,"(11, 19)",False,CTRL,SO,10
833,WhiWhi2526M,"(0, 7)",True,CTRL,SO,10
834,RedGra7912M,"(71, 79)",False,CTRL,SO,10
835,RedGra7912M,"(12, 20)",True,CTRL,SO,10
836,BluYel2571F,"(84, 90)",False,CTRL,DC,0
837,BluYel2571F,"(11, 17)",True,CTRL,DC,0
838,YelPur7906M,"(2, 8)",False,CTRL,DC,0
839,YelPur7906M,"(6, 12)",True,CTRL,DC,0
840,WhiWhi2526M,"(38, 44)",False,CTRL,DC,0
841,WhiWhi2526M,"(52, 58)",True,CTRL,DC,0
842,RedGra7912M,"(123, 129)",False,CTRL,DC,0
843,RedGra7912M,"(75, 81)",True,CTRL,DC,0
844,BluYel2571F,"(13, 19)",False,CTRL,DC,1
845,BluYel2571F,"(38, 44)",True,CTRL,DC,1
846,YelPur7906M,"(4, 10)",False,CTRL,DC,1
847,YelPur7906M,"(3, 9)",True,CTRL,DC,1
848,WhiWhi2526M,"(49, 55)",False,CTRL,DC,1
849,WhiWhi2526M,"(9, 15)",True,CTRL,DC,1
850,RedGra7912M,"(19, 25)",False,CTRL,DC,1
851,RedGra7912M,"(103, 109)",True,CTRL,DC,1
852,BluYel2571F,"(31, 37)",False,CTRL,DC,2
853,BluYel2571F,"(10, 16)",True,CTRL,DC,2
854,YelPur7906M,"(0, 6)",False,CTRL,DC,2
855,YelPur7906M,"(8, 14)",True,CTRL,DC,2
856,WhiWhi2526M,"(39, 45)",False,CTRL,DC,2
857,WhiWhi2526M,"(6, 12)",True,CTRL,DC,2
858,RedGra7912M,"(97, 103)",False,CTRL,DC,2
859,RedGra7912M,"(7, 13)",True,CTRL,DC,2
860,BluYel2571F,"(25, 31)",False,CTRL,DC,3
861,BluYel2571F,"(2, 8)",True,CTRL,DC,3
862,YelPur7906M,"(3, 9)",False,CTRL,DC,3
863,YelPur7906M,"(15, 21)",True,CTRL,DC,3
864,WhiWhi2526M,"(8, 14)",False,CTRL,DC,3
865,WhiWhi2526M,"(24, 30)",True,CTRL,DC,3
866,RedGra7912M,"(65, 71)",False,CTRL,DC,3
867,RedGra7912M,"(56, 62)",True,CTRL,DC,3
868,BluYel2571F,"(46, 52)",False,CTRL,DC,4
869,BluYel2571F,"(13, 19)",True,CTRL,DC,4
870,YelPur7906M,"(23, 29)",False,CTRL,DC,4
871,YelPur7906M,"(2, 8)",True,CTRL,DC,4
872,WhiWhi2526M,"(8, 14)",False,CTRL,DC,4
873,WhiWhi2526M,"(38, 44)",True,CTRL,DC,4
874,RedGra7912M,"(24, 30)",False,CTRL,DC,4
875,RedGra7912M,"(3, 9)",True,CTRL,DC,4
876,BluYel2571F,"(20, 26)",False,CTRL,DC,5
877,BluYel2571F,"(11, 17)",True,CTRL,DC,5
878,YelPur7906M,"(8, 14)",False,CTRL,DC,5
879,YelPur7906M,"(1, 7)",True,CTRL,DC,5
880,WhiWhi2526M,"(34, 40)",False,CTRL,DC,5
881,WhiWhi2526M,"(4, 10)",True,CTRL,DC,5
882,RedGra7912M,"(56, 62)",False,CTRL,DC,5
883,RedGra7912M,"(14, 20)",True,CTRL,DC,5
884,BluYel2571F,"(13, 19)",False,CTRL,DC,6
885,BluYel2571F,"(8, 14)",True,CTRL,DC,6
886,YelPur7906M,"(16, 22)",False,CTRL,DC,6
887,YelPur7906M,"(5, 11)",True,CTRL,DC,6
888,WhiWhi2526M,"(34, 40)",False,CTRL,DC,6
889,WhiWhi2526M,"(2, 8)",True,CTRL,DC,6
890,RedGra7912M,"(40, 46)",False,CTRL,DC,6
891,RedGra7912M,"(9, 15)",True,CTRL,DC,6
892,BluYel2571F,"(12, 18)",False,CTRL,DC,7
893,BluYel2571F,"(2, 8)",True,CTRL,DC,7
894,YelPur7906M,"(13, 19)",False,CTRL,DC,7
895,YelPur7906M,"(0, 6)",True,CTRL,DC,7
896,WhiWhi2526M,"(44, 50)",False,CTRL,DC,7
897,WhiWhi2526M,"(6, 12)",True,CTRL,DC,7
898,RedGra7912M,"(80, 86)",False,CTRL,DC,7
899,RedGra7912M,"(0, 6)",True,CTRL,DC,7
900,BluYel2571F,"(8, 14)",False,CTRL,DC,8
901,BluYel2571F,"(7, 13)",True,CTRL,DC,8
902,YelPur7906M,"(13, 19)",False,CTRL,DC,8
903,YelPur7906M,"(1, 7)",True,CTRL,DC,8
904,WhiWhi2526M,"(31, 37)",False,CTRL,DC,8
905,WhiWhi2526M,"(0, 5)",True,CTRL,DC,8
906,RedGra7912M,"(71, 77)",False,CTRL,DC,8
907,RedGra7912M,"(9, 15)",True,CTRL,DC,8
908,BluYel2571F,"(10, 16)",False,CTRL,DC,9
909,BluYel2571F,"(15, 21)",True,CTRL,DC,9
910,YelPur7906M,"(4, 10)",False,CTRL,DC,9
911,YelPur7906M,"(2, 8)",True,CTRL,DC,9
912,WhiWhi2526M,"(10, 16)",False,CTRL,DC,9
913,WhiWhi2526M,"(13, 18)",True,CTRL,DC,9
914,RedGra7912M,"(31, 37)",False,CTRL,DC,9
915,RedGra7912M,"(3, 9)",True,CTRL,DC,9
916,BluYel2571F,"(21, 27)",False,CTRL,DC,10
917,BluYel2571F,"(8, 14)",True,CTRL,DC,10
918,YelPur7906M,"(6, 12)",False,CTRL,DC,10
919,YelPur7906M,"(6, 12)",True,CTRL,DC,10
920,WhiWhi2526M,"(9, 15)",False,CTRL,DC,10
921,WhiWhi2526M,"(5, 10)",True,CTRL,DC,10
922,RedGra7912M,"(32, 38)",False,CTRL,DC,10
923,RedGra7912M,"(8, 14)",True,CTRL,DC,10
